channel_name,Doanh thu,Lợi nhuận,Marketing ROI
Retail promotion,1452388.88,514093.01,5.479002059902581
TV,1401337.35,324141.8,3.009123589034389
Facebook,1251592.68,176577.81,1.6425602900497174
Ecommerce,1239288.86,303300.76,3.2404294322136553
Other,1229611.26,186545.1,1.7884289109356264
Traditional trade,1199960.26,344546.72,4.027836820027921
